{"start":[-110.92290519425545,32.21069062492194],"target":[-110.92219401459262,32.20909920765226],"nofly":[[[-110.92334500273007,32.209906796016085],[-110.92298941289674,32.21028683511966],[-110.92168870272563,32.20995430099332],[-110.92174484848776,32.209613848125514],[-110.92322335357555,32.2094792501304],[-110.92334500273007,32.209906796016085]]],"restricted":[[[-110.92147336036587,32.21032157295754],[-110.92116455866937,32.209529823340745],[-110.92033172985343,32.20945064800458],[-110.92006035866713,32.21020281095474],[-110.92080896883998,32.21104997652124],[-110.92109905527944,32.210574931384286],[-110.92147336036587,32.21032157295754]]]}