{"start":[-110.90452486739379,32.27483850582455],"target":[-110.90263828025138,32.275157525796004],"nofly":[[[-110.90386456189394,32.27530905989117],[-110.90328915281349,32.275325010830215],[-110.90355327501342,32.27500599144774],[-110.90386456189394,32.27530905989117]]],"restricted":[]}