{"start":[-110.95259997498844,32.28632347377322],"target":[-110.95829182977306,32.29123297583217],"nofly":[[[-110.95587250226679,32.288346413976214],[-110.9534199144349,32.28838553369232],[-110.9534661896843,32.28756401612196],[-110.95584384216609,32.287241717842775],[-110.95587250226679,32.288346413976214]]],"restricted":[[[-110.96110160463027,32.29073268475919],[-110.94890807832411,32.290674006955115],[-110.94874611497674,32.28912881099876],[-110.96119415511451,32.28926572815486],[-110.96110160463027,32.29073268475919]]]}