{"start":[-110.92131122100328,32.209503723054],"target":[-110.92092975789876,32.21105346762232],"nofly":[[[-110.92302017569416,32.20964365405155],[-110.92244527388682,32.21035663244331],[-110.92185462134161,32.20960367378689],[-110.92302017569416,32.20964365405155]],[[-110.92164198642423,32.210409939013886],[-110.92103558314794,32.20973694126364],[-110.92068906698906,32.21029666250408],[-110.92164198642423,32.210409939013886]],[[-110.92260278123176,32.210556531913156],[-110.9213505978378,32.21064315488832],[-110.92233501874196,32.21121619708181],[-110.92260278123176,32.210556531913156]]],"restricted":[]}